id,categoryId,label,attributes,config
27,"影片","一呼百应","{""演员"":""\""张层层\"",\""容尔甲\"",\""张一龙\"""",""影片"":""一呼百应""}","{""size"":20,""labelCfg"":{""offset"":8,""style"":{""textBaseline"":""middle"",""textAlign"":""center"",""fontSize"":12,""fill"":""#000000""},""position"":""bottom""},""x"":905,""y"":400,""style"":{""fill"":""#D9D9D9"",""stroke"":""#D9D9D9""},""type"":""circle""}"
26,"演员","容尔甲","{""演员(primary)"":""容尔甲""}","{""size"":20,""labelCfg"":{""offset"":8,""style"":{""textBaseline"":""middle"",""textAlign"":""center"",""fontSize"":12,""fill"":""#000000""},""position"":""bottom""},""x"":871,""y"":446,""style"":{""fill"":""#D9D9D9"",""stroke"":""#D9D9D9""},""type"":""circle""}"
29,"演员","崔鹏","{""演员(primary)"":""崔鹏""}","{""size"":20,""labelCfg"":{""offset"":8,""style"":{""textBaseline"":""middle"",""textAlign"":""center"",""fontSize"":12,""fill"":""#000000""},""position"":""bottom""},""x"":169,""y"":625,""style"":{""fill"":""#D9D9D9"",""stroke"":""#D9D9D9""},""type"":""circle""}"
28,"影片","除暴","{""演员"":""\""闫妮\"",\""容尔甲\"",\""陈晓\"""",""影片"":""除暴""}","{""size"":20,""labelCfg"":{""offset"":8,""style"":{""textBaseline"":""middle"",""textAlign"":""center"",""fontSize"":12,""fill"":""#000000""},""position"":""bottom""},""x"":815,""y"":458,""style"":{""fill"":""#D9D9D9"",""stroke"":""#D9D9D9""},""type"":""circle""}"
23,"演员","孔琳","{""演员(primary)"":""孔琳""}","{""size"":20,""labelCfg"":{""offset"":8,""style"":{""textBaseline"":""middle"",""textAlign"":""center"",""fontSize"":12,""fill"":""#000000""},""position"":""bottom""},""x"":613,""y"":544,""style"":{""fill"":""#D9D9D9"",""stroke"":""#D9D9D9""},""type"":""circle""}"
22,"影片","我和我的家乡","{""演员"":""\""吴京京\"",\""杨雨婷\"",\""林鹏\"",\""杨新鸣\"""",""影片"":""我和我的家乡""}","{""size"":20,""labelCfg"":{""offset"":8,""style"":{""textBaseline"":""middle"",""textAlign"":""center"",""fontSize"":12,""fill"":""#000000""},""position"":""bottom""},""x"":529,""y"":499,""style"":{""fill"":""#daddfd"",""stroke"":""#daddfd""},""type"":""circle""}"
25,"演员","宋楠惜","{""演员(primary)"":""宋楠惜""}","{""size"":20,""labelCfg"":{""offset"":8,""style"":{""textBaseline"":""middle"",""textAlign"":""center"",""fontSize"":12,""fill"":""#000000""},""position"":""bottom""},""x"":420,""y"":559,""style"":{""fill"":""#D9D9D9"",""stroke"":""#D9D9D9""},""type"":""circle""}"
24,"影片","沐浴之王","{""演员"":""\""宋楠惜\"",\""孔琳\"",\""钱泳辰\"",\""徐冰\"""",""影片"":""沐浴之王""}","{""size"":20,""labelCfg"":{""offset"":8,""style"":{""textBaseline"":""middle"",""textAlign"":""center"",""fontSize"":12,""fill"":""#000000""},""position"":""bottom""},""x"":482,""y"":535,""style"":{""fill"":""#D9D9D9"",""stroke"":""#D9D9D9""},""type"":""circle""}"
21,"演员","吴京京","{""演员(primary)"":""吴京京""}","{""size"":20,""labelCfg"":{""offset"":8,""style"":{""textBaseline"":""middle"",""textAlign"":""center"",""fontSize"":12,""fill"":""#000000""},""position"":""bottom""},""x"":542,""y"":557,""style"":{""fill"":""#eceefe"",""stroke"":""#eceefe""},""type"":""circle""}"
20,"影片","夺冠","{""演员"":""\""袁满\"",\""田原\"",\""吴京\"",\""李梦\"",\""沈浩\"",\""梁大维\"""",""影片"":""夺冠""}","{""size"":20,""labelCfg"":{""offset"":8,""style"":{""textBaseline"":""middle"",""textAlign"":""center"",""fontSize"":12,""fill"":""#000000""},""position"":""bottom""},""x"":480,""y"":560,""style"":{""fill"":""#D9D9D9"",""stroke"":""#D9D9D9""},""type"":""circle""}"
38,"演员","张瑞涵","{""演员(primary)"":""张瑞涵""}","{""size"":20,""labelCfg"":{""offset"":8,""style"":{""textBaseline"":""middle"",""textAlign"":""center"",""fontSize"":12,""fill"":""#000000""},""position"":""bottom""},""x"":829,""y"":224,""style"":{""fill"":""#D9D9D9"",""stroke"":""#D9D9D9""},""type"":""circle""}"
37,"演员","张旸","{""演员(primary)"":""张旸""}","{""size"":20,""labelCfg"":{""offset"":8,""style"":{""textBaseline"":""middle"",""textAlign"":""center"",""fontSize"":12,""fill"":""#000000""},""position"":""bottom""},""x"":1038,""y"":235,""style"":{""fill"":""#D9D9D9"",""stroke"":""#D9D9D9""},""type"":""circle""}"
39,"影片","反击","{""演员"":""\""贾景\"",\""胡可\"",\""张瑞涵\"",\""李宗\"""",""影片"":""反击""}","{""size"":20,""labelCfg"":{""offset"":8,""style"":{""textBaseline"":""middle"",""textAlign"":""center"",""fontSize"":12,""fill"":""#000000""},""position"":""bottom""},""x"":809,""y"":272,""style"":{""fill"":""#D9D9D9"",""stroke"":""#D9D9D9""},""type"":""circle""}"
34,"演员","张层","{""演员(primary)"":""张层""}","{""size"":20,""labelCfg"":{""offset"":8,""style"":{""textBaseline"":""middle"",""textAlign"":""center"",""fontSize"":12,""fill"":""#000000""},""position"":""bottom""},""x"":215,""y"":300,""style"":{""fill"":""#D9D9D9"",""stroke"":""#D9D9D9""},""type"":""circle""}"
33,"演员","张一龙","{""演员(primary)"":""张一龙""}","{""size"":20,""labelCfg"":{""offset"":8,""style"":{""textBaseline"":""middle"",""textAlign"":""center"",""fontSize"":12,""fill"":""#000000""},""position"":""bottom""},""x"":897,""y"":347,""style"":{""fill"":""#D9D9D9"",""stroke"":""#D9D9D9""},""type"":""circle""}"
36,"演员","张层层","{""演员(primary)"":""张层层""}","{""size"":20,""labelCfg"":{""offset"":8,""style"":{""textBaseline"":""middle"",""textAlign"":""center"",""fontSize"":12,""fill"":""#000000""},""position"":""bottom""},""x"":955,""y"":388,""style"":{""fill"":""#D9D9D9"",""stroke"":""#D9D9D9""},""type"":""circle""}"
35,"影片","中国飞侠","{""演员"":""\""张层\"",\""李茂\"",\""杨猛\"""",""影片"":""中国飞侠""}","{""size"":20,""labelCfg"":{""offset"":8,""style"":{""textBaseline"":""middle"",""textAlign"":""center"",""fontSize"":12,""fill"":""#000000""},""position"":""bottom""},""x"":225,""y"":352,""style"":{""fill"":""#D9D9D9"",""stroke"":""#D9D9D9""},""type"":""circle""}"
30,"影片","雨天的妖怪","{""演员"":""\""崔鹏\"",\""王永泉\"",\""杨雪\"""",""影片"":""雨天的妖怪""}","{""size"":20,""labelCfg"":{""offset"":8,""style"":{""textBaseline"":""middle"",""textAlign"":""center"",""fontSize"":12,""fill"":""#000000""},""position"":""bottom""},""x"":220,""y"":630,""style"":{""fill"":""#D9D9D9"",""stroke"":""#D9D9D9""},""type"":""circle""}"
32,"影片","扫黑英雄","{""演员"":""\""崔鹏彭\"",\""李光\"",\""黄海冰\"""",""影片"":""扫黑英雄""}","{""size"":20,""labelCfg"":{""offset"":8,""style"":{""textBaseline"":""middle"",""textAlign"":""center"",""fontSize"":12,""fill"":""#000000""},""position"":""bottom""},""x"":694,""y"":371,""style"":{""fill"":""#D9D9D9"",""stroke"":""#D9D9D9""},""type"":""circle""}"
31,"演员","崔鹏彭","{""演员(primary)"":""崔鹏彭""}","{""size"":20,""labelCfg"":{""offset"":8,""style"":{""textBaseline"":""middle"",""textAlign"":""center"",""fontSize"":12,""fill"":""#000000""},""position"":""bottom""},""x"":646,""y"":339,""style"":{""fill"":""#D9D9D9"",""stroke"":""#D9D9D9""},""type"":""circle""}"
49,"演员","李光洁","{""演员(primary)"":""李光洁""}","{""size"":20,""labelCfg"":{""offset"":8,""style"":{""textBaseline"":""middle"",""textAlign"":""center"",""fontSize"":12,""fill"":""#000000""},""position"":""bottom""},""x"":722,""y"":272,""style"":{""fill"":""#D9D9D9"",""stroke"":""#D9D9D9""},""type"":""circle""}"
48,"演员","李光","{""演员(primary)"":""李光""}","{""size"":20,""labelCfg"":{""offset"":8,""style"":{""textBaseline"":""middle"",""textAlign"":""center"",""fontSize"":12,""fill"":""#000000""},""position"":""bottom""},""x"":745,""y"":381,""style"":{""fill"":""#D9D9D9"",""stroke"":""#D9D9D9""},""type"":""circle""}"
45,"影片","金刚川","{""演员"":""\""徐冰冰\"",\""章子怡\"",\""沈腾\"",\""靳东\"""",""影片"":""金刚川""}","{""size"":20,""labelCfg"":{""offset"":8,""style"":{""textBaseline"":""middle"",""textAlign"":""center"",""fontSize"":12,""fill"":""#000000""},""position"":""bottom""},""x"":636,""y"":437,""style"":{""fill"":""#D9D9D9"",""stroke"":""#D9D9D9""},""type"":""circle""}"
44,"演员","徐冰冰","{""演员(primary)"":""徐冰冰""}","{""size"":20,""labelCfg"":{""offset"":8,""style"":{""textBaseline"":""middle"",""textAlign"":""center"",""fontSize"":12,""fill"":""#000000""},""position"":""bottom""},""x"":595,""y"":395,""style"":{""fill"":""#D9D9D9"",""stroke"":""#D9D9D9""},""type"":""circle""}"
47,"演员","文江","{""演员(primary)"":""文江""}","{""size"":20,""labelCfg"":{""offset"":8,""style"":{""textBaseline"":""middle"",""textAlign"":""center"",""fontSize"":12,""fill"":""#000000""},""position"":""bottom""},""x"":438,""y"":307,""style"":{""fill"":""#c8ccfc"",""stroke"":""#c8ccfc""},""type"":""circle""}"
8,"影片","发财日记","{""演员"":""\""何中华\"",\""李光洁\"",\""刘涛\"""",""影片"":""发财日记""}","{""size"":20,""labelCfg"":{""offset"":8,""style"":{""textBaseline"":""middle"",""textAlign"":""center"",""fontSize"":12,""fill"":""#000000""},""position"":""bottom""},""x"":672,""y"":262,""style"":{""fill"":""#D9D9D9"",""stroke"":""#D9D9D9""},""type"":""circle""}"
9,"演员","倪虹洁","{""演员(primary)"":""倪虹洁""}","{""size"":20,""labelCfg"":{""offset"":8,""style"":{""textBaseline"":""middle"",""textAlign"":""center"",""fontSize"":12,""fill"":""#000000""},""position"":""bottom""},""x"":545,""y"":408,""style"":{""fill"":""#D9D9D9"",""stroke"":""#D9D9D9""},""type"":""circle""}"
46,"演员","徐峥","{""演员(primary)"":""徐峥""}","{""size"":20,""labelCfg"":{""offset"":8,""style"":{""textBaseline"":""middle"",""textAlign"":""center"",""fontSize"":12,""fill"":""#000000""},""position"":""bottom""},""x"":584,""y"":371,""style"":{""fill"":""#D9D9D9"",""stroke"":""#D9D9D9""},""type"":""circle""}"
6,"演员","于彦凯","{""演员(primary)"":""于彦凯""}","{""size"":20,""labelCfg"":{""offset"":8,""style"":{""textBaseline"":""middle"",""textAlign"":""center"",""fontSize"":12,""fill"":""#000000""},""position"":""bottom""},""x"":348,""y"":313,""style"":{""fill"":""#c8ccfc"",""stroke"":""#c8ccfc""},""type"":""circle""}"
41,"演员","彭冠英","{""演员(primary)"":""彭冠英""}","{""size"":20,""labelCfg"":{""offset"":8,""style"":{""textBaseline"":""middle"",""textAlign"":""center"",""fontSize"":12,""fill"":""#000000""},""position"":""bottom""},""x"":970,""y"":429,""style"":{""fill"":""#D9D9D9"",""stroke"":""#D9D9D9""},""type"":""circle""}"
7,"演员","何中华","{""演员(primary)"":""何中华""}","{""size"":20,""labelCfg"":{""offset"":8,""style"":{""textBaseline"":""middle"",""textAlign"":""center"",""fontSize"":12,""fill"":""#000000""},""position"":""bottom""},""x"":623,""y"":239,""style"":{""fill"":""#D9D9D9"",""stroke"":""#D9D9D9""},""type"":""circle""}"
40,"演员","张瑶","{""演员(primary)"":""张瑶""}","{""size"":20,""labelCfg"":{""offset"":8,""style"":{""textBaseline"":""middle"",""textAlign"":""center"",""fontSize"":12,""fill"":""#000000""},""position"":""bottom""},""x"":364,""y"":295,""style"":{""fill"":""#a4abfb"",""stroke"":""#a4abfb""},""type"":""circle""}"
4,"演员","于子宽","{""演员(primary)"":""于子宽""}","{""size"":20,""labelCfg"":{""offset"":8,""style"":{""textBaseline"":""middle"",""textAlign"":""center"",""fontSize"":12,""fill"":""#000000""},""position"":""bottom""},""x"":404,""y"":285,""style"":{""fill"":""#c8ccfc"",""stroke"":""#c8ccfc""},""type"":""circle""}"
43,"演员","徐冰","{""演员(primary)"":""徐冰""}","{""size"":20,""labelCfg"":{""offset"":8,""style"":{""textBaseline"":""middle"",""textAlign"":""center"",""fontSize"":12,""fill"":""#000000""},""position"":""bottom""},""x"":424,""y"":507,""style"":{""fill"":""#D9D9D9"",""stroke"":""#D9D9D9""},""type"":""circle""}"
42,"演员","徐僧","{""演员(primary)"":""徐僧""}","{""size"":20,""labelCfg"":{""offset"":8,""style"":{""textBaseline"":""middle"",""textAlign"":""center"",""fontSize"":12,""fill"":""#000000""},""position"":""bottom""},""x"":961,""y"":254,""style"":{""fill"":""#D9D9D9"",""stroke"":""#D9D9D9""},""type"":""circle""}"
5,"影片","父子变形记","{""演员"":""\""马苏\"",\""文江\"",\""于彦凯\"",\""于子宽\"",\""杜双宇\"",\""杨新鸣\"",\""张瑶\"""",""影片"":""父子变形记""}","{""size"":20,""labelCfg"":{""offset"":8,""style"":{""textBaseline"":""middle"",""textAlign"":""center"",""fontSize"":12,""fill"":""#000000""},""position"":""bottom""},""x"":398,""y"":341,""style"":{""fill"":""#b6bbfb"",""stroke"":""#b6bbfb""},""type"":""circle""}"
2,"演员","丁楠","{""演员(primary)"":""丁楠""}","{""size"":20,""labelCfg"":{""offset"":8,""style"":{""textBaseline"":""middle"",""textAlign"":""center"",""fontSize"":12,""fill"":""#000000""},""position"":""bottom""},""x"":1028,""y"":363,""style"":{""fill"":""#D9D9D9"",""stroke"":""#D9D9D9""},""type"":""circle""}"
3,"影片","紧急救援","{""演员"":""\""刘之冰\"",\""高东平\"",\""蔡文静\"",\""丁楠\"",\""陈姝\"",\""陈宥维\"",\""洪紫琳\"",\""彭冠英\"""",""影片"":""紧急救援""}","{""size"":20,""labelCfg"":{""offset"":8,""style"":{""textBaseline"":""middle"",""textAlign"":""center"",""fontSize"":12,""fill"":""#000000""},""position"":""bottom""},""x"":1021,""y"":412,""style"":{""fill"":""#D9D9D9"",""stroke"":""#D9D9D9""},""type"":""circle""}"
0,"演员","Angelababy","{""演员(primary)"":""Angelababy""}","{""size"":20,""labelCfg"":{""offset"":8,""style"":{""textBaseline"":""middle"",""textAlign"":""center"",""fontSize"":12,""fill"":""#000000""},""position"":""bottom""},""x"":603,""y"":356,""style"":{""fill"":""#D9D9D9"",""stroke"":""#D9D9D9""},""type"":""circle""}"
50,"演员","李宗","{""演员(primary)"":""李宗""}","{""size"":20,""labelCfg"":{""offset"":8,""style"":{""textBaseline"":""middle"",""textAlign"":""center"",""fontSize"":12,""fill"":""#000000""},""position"":""bottom""},""x"":834,""y"":319,""style"":{""fill"":""#D9D9D9"",""stroke"":""#D9D9D9""},""type"":""circle""}"
1,"影片","拆弹专家","{""演员"":""\""蔡文\"",\""Angelababy\"",\""徐峥\"",\""李沁\"""",""影片"":""拆弹专家""}","{""size"":20,""labelCfg"":{""offset"":8,""style"":{""textBaseline"":""middle"",""textAlign"":""center"",""fontSize"":12,""fill"":""#000000""},""position"":""bottom""},""x"":622,""y"":313,""style"":{""fill"":""#D9D9D9"",""stroke"":""#D9D9D9""},""type"":""circle""}"
59,"演员","杨雪","{""演员(primary)"":""杨雪""}","{""size"":20,""labelCfg"":{""offset"":8,""style"":{""textBaseline"":""middle"",""textAlign"":""center"",""fontSize"":12,""fill"":""#000000""},""position"":""bottom""},""x"":186,""y"":589,""style"":{""fill"":""#D9D9D9"",""stroke"":""#D9D9D9""},""type"":""circle""}"
56,"演员","杨新鸣","{""演员(primary)"":""杨新鸣""}","{""size"":20,""labelCfg"":{""offset"":8,""style"":{""textBaseline"":""middle"",""textAlign"":""center"",""fontSize"":12,""fill"":""#000000""},""position"":""bottom""},""x"":461,""y"":413,""style"":{""fill"":""#c8ccfc"",""stroke"":""#c8ccfc""},""type"":""circle""}"
55,"演员","杜双宇","{""演员(primary)"":""杜双宇""}","{""size"":20,""labelCfg"":{""offset"":8,""style"":{""textBaseline"":""middle"",""textAlign"":""center"",""fontSize"":12,""fill"":""#000000""},""position"":""bottom""},""x"":387,""y"":392,""style"":{""fill"":""#c8ccfc"",""stroke"":""#c8ccfc""},""type"":""circle""}"
58,"演员","杨雨婷","{""演员(primary)"":""杨雨婷""}","{""size"":20,""labelCfg"":{""offset"":8,""style"":{""textBaseline"":""middle"",""textAlign"":""center"",""fontSize"":12,""fill"":""#000000""},""position"":""bottom""},""x"":518,""y"":553,""style"":{""fill"":""#eceefe"",""stroke"":""#eceefe""},""type"":""circle""}"
57,"演员","杨猛","{""演员(primary)"":""杨猛""}","{""size"":20,""labelCfg"":{""offset"":8,""style"":{""textBaseline"":""middle"",""textAlign"":""center"",""fontSize"":12,""fill"":""#000000""},""position"":""bottom""},""x"":274,""y"":332,""style"":{""fill"":""#D9D9D9"",""stroke"":""#D9D9D9""},""type"":""circle""}"
52,"演员","李梦","{""演员(primary)"":""李梦""}","{""size"":20,""labelCfg"":{""offset"":8,""style"":{""textBaseline"":""middle"",""textAlign"":""center"",""fontSize"":12,""fill"":""#000000""},""position"":""bottom""},""x"":434,""y"":586,""style"":{""fill"":""#D9D9D9"",""stroke"":""#D9D9D9""},""type"":""circle""}"
51,"演员","李宗翰","{""演员(primary)"":""李宗翰""}","{""size"":20,""labelCfg"":{""offset"":8,""style"":{""textBaseline"":""middle"",""textAlign"":""center"",""fontSize"":12,""fill"":""#000000""},""position"":""bottom""},""x"":1058,""y"":299,""style"":{""fill"":""#D9D9D9"",""stroke"":""#D9D9D9""},""type"":""circle""}"
54,"演员","李茂","{""演员(primary)"":""李茂""}","{""size"":20,""labelCfg"":{""offset"":8,""style"":{""textBaseline"":""middle"",""textAlign"":""center"",""fontSize"":12,""fill"":""#000000""},""position"":""bottom""},""x"":193,""y"":393,""style"":{""fill"":""#D9D9D9"",""stroke"":""#D9D9D9""},""type"":""circle""}"
53,"演员","李沁","{""演员(primary)"":""李沁""}","{""size"":20,""labelCfg"":{""offset"":8,""style"":{""textBaseline"":""middle"",""textAlign"":""center"",""fontSize"":12,""fill"":""#000000""},""position"":""bottom""},""x"":656,""y"":361,""style"":{""fill"":""#D9D9D9"",""stroke"":""#D9D9D9""},""type"":""circle""}"
61,"演员","梁大","{""演员(primary)"":""梁大""}","{""size"":20,""labelCfg"":{""offset"":8,""style"":{""textBaseline"":""middle"",""textAlign"":""center"",""fontSize"":12,""fill"":""#000000""},""position"":""bottom""},""x"":788,""y"":563,""style"":{""fill"":""#D9D9D9"",""stroke"":""#D9D9D9""},""type"":""circle""}"
60,"演员","林鹏","{""演员(primary)"":""林鹏""}","{""size"":20,""labelCfg"":{""offset"":8,""style"":{""textBaseline"":""middle"",""textAlign"":""center"",""fontSize"":12,""fill"":""#000000""},""position"":""bottom""},""x"":568,""y"":546,""style"":{""fill"":""#eceefe"",""stroke"":""#eceefe""},""type"":""circle""}"
67,"演员","王永","{""演员(primary)"":""王永""}","{""size"":20,""labelCfg"":{""offset"":8,""style"":{""textBaseline"":""middle"",""textAlign"":""center"",""fontSize"":12,""fill"":""#000000""},""position"":""bottom""},""x"":292,""y"":443,""style"":{""fill"":""#D9D9D9"",""stroke"":""#D9D9D9""},""type"":""circle""}"
66,"演员","王景春","{""演员(primary)"":""王景春""}","{""size"":20,""labelCfg"":{""offset"":8,""style"":{""textBaseline"":""middle"",""textAlign"":""center"",""fontSize"":12,""fill"":""#000000""},""position"":""bottom""},""x"":532,""y"":451,""style"":{""fill"":""#D9D9D9"",""stroke"":""#D9D9D9""},""type"":""circle""}"
69,"演员","王永泉","{""演员(primary)"":""王永泉""}","{""size"":20,""labelCfg"":{""offset"":8,""style"":{""textBaseline"":""middle"",""textAlign"":""center"",""fontSize"":12,""fill"":""#000000""},""position"":""bottom""},""x"":263,""y"":658,""style"":{""fill"":""#D9D9D9"",""stroke"":""#D9D9D9""},""type"":""circle""}"
68,"影片","辑魂","{""演员"":""\""郑国霖\"",\""陈木\"",\""王永\"",\""董璇\"",\""贾景晖\"""",""影片"":""辑魂""}","{""size"":20,""labelCfg"":{""offset"":8,""style"":{""textBaseline"":""middle"",""textAlign"":""center"",""fontSize"":12,""fill"":""#000000""},""position"":""bottom""},""x"":321,""y"":399,""style"":{""fill"":""#D9D9D9"",""stroke"":""#D9D9D9""},""type"":""circle""}"
63,"演员","沈浩","{""演员(primary)"":""沈浩""}","{""size"":20,""labelCfg"":{""offset"":8,""style"":{""textBaseline"":""middle"",""textAlign"":""center"",""fontSize"":12,""fill"":""#000000""},""position"":""bottom""},""x"":453,""y"":606,""style"":{""fill"":""#D9D9D9"",""stroke"":""#D9D9D9""},""type"":""circle""}"
62,"演员","梁大维","{""演员(primary)"":""梁大维""}","{""size"":20,""labelCfg"":{""offset"":8,""style"":{""textBaseline"":""middle"",""textAlign"":""center"",""fontSize"":12,""fill"":""#000000""},""position"":""bottom""},""x"":482,""y"":613,""style"":{""fill"":""#D9D9D9"",""stroke"":""#D9D9D9""},""type"":""circle""}"
65,"演员","洪紫琳","{""演员(primary)"":""洪紫琳""}","{""size"":20,""labelCfg"":{""offset"":8,""style"":{""textBaseline"":""middle"",""textAlign"":""center"",""fontSize"":12,""fill"":""#000000""},""position"":""bottom""},""x"":1011,""y"":465,""style"":{""fill"":""#D9D9D9"",""stroke"":""#D9D9D9""},""type"":""circle""}"
64,"演员","沈腾","{""演员(primary)"":""沈腾""}","{""size"":20,""labelCfg"":{""offset"":8,""style"":{""textBaseline"":""middle"",""textAlign"":""center"",""fontSize"":12,""fill"":""#000000""},""position"":""bottom""},""x"":729,""y"":469,""style"":{""fill"":""#D9D9D9"",""stroke"":""#D9D9D9""},""type"":""circle""}"
70,"演员","王艳","{""演员(primary)"":""王艳""}","{""size"":20,""labelCfg"":{""offset"":8,""style"":{""textBaseline"":""middle"",""textAlign"":""center"",""fontSize"":12,""fill"":""#000000""},""position"":""bottom""},""x"":1060,""y"":268,""style"":{""fill"":""#D9D9D9"",""stroke"":""#D9D9D9""},""type"":""circle""}"
72,"演员","白宇","{""演员(primary)"":""白宇""}","{""size"":20,""labelCfg"":{""offset"":8,""style"":{""textBaseline"":""middle"",""textAlign"":""center"",""fontSize"":12,""fill"":""#000000""},""position"":""bottom""},""x"":977,""y"":235,""style"":{""fill"":""#D9D9D9"",""stroke"":""#D9D9D9""},""type"":""circle""}"
71,"演员","田原","{""演员(primary)"":""田原""}","{""size"":20,""labelCfg"":{""offset"":8,""style"":{""textBaseline"":""middle"",""textAlign"":""center"",""fontSize"":12,""fill"":""#000000""},""position"":""bottom""},""x"":466,""y"":505,""style"":{""fill"":""#D9D9D9"",""stroke"":""#D9D9D9""},""type"":""circle""}"
78,"演员","袁满","{""演员(primary)"":""袁满""}","{""size"":20,""labelCfg"":{""offset"":8,""style"":{""textBaseline"":""middle"",""textAlign"":""center"",""fontSize"":12,""fill"":""#000000""},""position"":""bottom""},""x"":436,""y"":541,""style"":{""fill"":""#D9D9D9"",""stroke"":""#D9D9D9""},""type"":""circle""}"
77,"演员","蔡文静","{""演员(primary)"":""蔡文静""}","{""size"":20,""labelCfg"":{""offset"":8,""style"":{""textBaseline"":""middle"",""textAlign"":""center"",""fontSize"":12,""fill"":""#000000""},""position"":""bottom""},""x"":1002,""y"":363,""style"":{""fill"":""#D9D9D9"",""stroke"":""#D9D9D9""},""type"":""circle""}"
79,"演员","贾景","{""演员(primary)"":""贾景""}","{""size"":20,""labelCfg"":{""offset"":8,""style"":{""textBaseline"":""middle"",""textAlign"":""center"",""fontSize"":12,""fill"":""#000000""},""position"":""bottom""},""x"":768,""y"":240,""style"":{""fill"":""#D9D9D9"",""stroke"":""#D9D9D9""},""type"":""circle""}"
74,"演员","胡可","{""演员(primary)"":""胡可""}","{""size"":20,""labelCfg"":{""offset"":8,""style"":{""textBaseline"":""middle"",""textAlign"":""center"",""fontSize"":12,""fill"":""#000000""},""position"":""bottom""},""x"":782,""y"":316,""style"":{""fill"":""#D9D9D9"",""stroke"":""#D9D9D9""},""type"":""circle""}"
73,"演员","章子怡","{""演员(primary)"":""章子怡""}","{""size"":20,""labelCfg"":{""offset"":8,""style"":{""textBaseline"":""middle"",""textAlign"":""center"",""fontSize"":12,""fill"":""#000000""},""position"":""bottom""},""x"":583,""y"":416,""style"":{""fill"":""#D9D9D9"",""stroke"":""#D9D9D9""},""type"":""circle""}"
76,"演员","蔡文","{""演员(primary)"":""蔡文""}","{""size"":20,""labelCfg"":{""offset"":8,""style"":{""textBaseline"":""middle"",""textAlign"":""center"",""fontSize"":12,""fill"":""#000000""},""position"":""bottom""},""x"":638,""y"":261,""style"":{""fill"":""#D9D9D9"",""stroke"":""#D9D9D9""},""type"":""circle""}"
75,"演员","董璇","{""演员(primary)"":""董璇""}","{""size"":20,""labelCfg"":{""offset"":8,""style"":{""textBaseline"":""middle"",""textAlign"":""center"",""fontSize"":12,""fill"":""#000000""},""position"":""bottom""},""x"":277,""y"":371,""style"":{""fill"":""#D9D9D9"",""stroke"":""#D9D9D9""},""type"":""circle""}"
81,"演员","赵成顺","{""演员(primary)"":""赵成顺""}","{""size"":20,""labelCfg"":{""offset"":8,""style"":{""textBaseline"":""middle"",""textAlign"":""center"",""fontSize"":12,""fill"":""#000000""},""position"":""bottom""},""x"":955,""y"":278,""style"":{""fill"":""#D9D9D9"",""stroke"":""#D9D9D9""},""type"":""circle""}"
80,"演员","贾景晖","{""演员(primary)"":""贾景晖""}","{""size"":20,""labelCfg"":{""offset"":8,""style"":{""textBaseline"":""middle"",""textAlign"":""center"",""fontSize"":12,""fill"":""#000000""},""position"":""bottom""},""x"":270,""y"":411,""style"":{""fill"":""#D9D9D9"",""stroke"":""#D9D9D9""},""type"":""circle""}"
83,"演员","钱泳辰","{""演员(primary)"":""钱泳辰""}","{""size"":20,""labelCfg"":{""offset"":8,""style"":{""textBaseline"":""middle"",""textAlign"":""center"",""fontSize"":12,""fill"":""#000000""},""position"":""bottom""},""x"":414,""y"":529,""style"":{""fill"":""#D9D9D9"",""stroke"":""#D9D9D9""},""type"":""circle""}"
82,"演员","郑国霖","{""演员(primary)"":""郑国霖""}","{""size"":20,""labelCfg"":{""offset"":8,""style"":{""textBaseline"":""middle"",""textAlign"":""center"",""fontSize"":12,""fill"":""#000000""},""position"":""bottom""},""x"":368,""y"":375,""style"":{""fill"":""#D9D9D9"",""stroke"":""#D9D9D9""},""type"":""circle""}"
89,"演员","陈木","{""演员(primary)"":""陈木""}","{""size"":20,""labelCfg"":{""offset"":8,""style"":{""textBaseline"":""middle"",""textAlign"":""center"",""fontSize"":12,""fill"":""#000000""},""position"":""bottom""},""x"":332,""y"":344,""style"":{""fill"":""#D9D9D9"",""stroke"":""#D9D9D9""},""type"":""circle""}"
88,"演员","陈晓","{""演员(primary)"":""陈晓""}","{""size"":20,""labelCfg"":{""offset"":8,""style"":{""textBaseline"":""middle"",""textAlign"":""center"",""fontSize"":12,""fill"":""#000000""},""position"":""bottom""},""x"":799,""y"":515,""style"":{""fill"":""#D9D9D9"",""stroke"":""#D9D9D9""},""type"":""circle""}"
85,"演员","陈坤","{""演员(primary)"":""陈坤""}","{""size"":20,""labelCfg"":{""offset"":8,""style"":{""textBaseline"":""middle"",""textAlign"":""center"",""fontSize"":12,""fill"":""#000000""},""position"":""bottom""},""x"":980,""y"":323,""style"":{""fill"":""#D9D9D9"",""stroke"":""#D9D9D9""},""type"":""circle""}"
84,"演员","闫妮","{""演员(primary)"":""闫妮""}","{""size"":20,""labelCfg"":{""offset"":8,""style"":{""textBaseline"":""middle"",""textAlign"":""center"",""fontSize"":12,""fill"":""#000000""},""position"":""bottom""},""x"":780,""y"":420,""style"":{""fill"":""#D9D9D9"",""stroke"":""#D9D9D9""},""type"":""circle""}"
87,"演员","陈宥维","{""演员(primary)"":""陈宥维""}","{""size"":20,""labelCfg"":{""offset"":8,""style"":{""textBaseline"":""middle"",""textAlign"":""center"",""fontSize"":12,""fill"":""#000000""},""position"":""bottom""},""x"":1072,""y"":404,""style"":{""fill"":""#D9D9D9"",""stroke"":""#D9D9D9""},""type"":""circle""}"
86,"演员","陈姝","{""演员(primary)"":""陈姝""}","{""size"":20,""labelCfg"":{""offset"":8,""style"":{""textBaseline"":""middle"",""textAlign"":""center"",""fontSize"":12,""fill"":""#000000""},""position"":""bottom""},""x"":986,""y"":453,""style"":{""fill"":""#D9D9D9"",""stroke"":""#D9D9D9""},""type"":""circle""}"
92,"演员","靳东","{""演员(primary)"":""靳东""}","{""size"":20,""labelCfg"":{""offset"":8,""style"":{""textBaseline"":""middle"",""textAlign"":""center"",""fontSize"":12,""fill"":""#000000""},""position"":""bottom""},""x"":569,""y"":436,""style"":{""fill"":""#D9D9D9"",""stroke"":""#D9D9D9""},""type"":""circle""}"
91,"演员","雷佳音","{""演员(primary)"":""雷佳音""}","{""size"":20,""labelCfg"":{""offset"":8,""style"":{""textBaseline"":""middle"",""textAlign"":""center"",""fontSize"":12,""fill"":""#000000""},""position"":""bottom""},""x"":634,""y"":469,""style"":{""fill"":""#D9D9D9"",""stroke"":""#D9D9D9""},""type"":""circle""}"
94,"演员","马苏","{""演员(primary)"":""马苏""}","{""size"":20,""labelCfg"":{""offset"":8,""style"":{""textBaseline"":""middle"",""textAlign"":""center"",""fontSize"":12,""fill"":""#000000""},""position"":""bottom""},""x"":347,""y"":362,""style"":{""fill"":""#c8ccfc"",""stroke"":""#c8ccfc""},""type"":""circle""}"
93,"演员","马伊琍","{""演员(primary)"":""马伊琍""}","{""size"":20,""labelCfg"":{""offset"":8,""style"":{""textBaseline"":""middle"",""textAlign"":""center"",""fontSize"":12,""fill"":""#000000""},""position"":""bottom""},""x"":540,""y"":474,""style"":{""fill"":""#D9D9D9"",""stroke"":""#D9D9D9""},""type"":""circle""}"
90,"演员","陈木易","{""演员(primary)"":""陈木易""}","{""size"":20,""labelCfg"":{""offset"":8,""style"":{""textBaseline"":""middle"",""textAlign"":""center"",""fontSize"":12,""fill"":""#000000""},""position"":""bottom""},""x"":606,""y"":498,""style"":{""fill"":""#D9D9D9"",""stroke"":""#D9D9D9""},""type"":""circle""}"
19,"演员","吴京","{""演员(primary)"":""吴京""}","{""size"":20,""labelCfg"":{""offset"":8,""style"":{""textBaseline"":""middle"",""textAlign"":""center"",""fontSize"":12,""fill"":""#000000""},""position"":""bottom""},""x"":445,""y"":518,""style"":{""fill"":""#D9D9D9"",""stroke"":""#D9D9D9""},""type"":""circle""}"
16,"影片","一秒钟","{""演员"":""\""黄志忠\"",\""孔琳\"",\""陈晓\"",\""梁大\"",\""刘潮\"""",""影片"":""一秒钟""}","{""size"":20,""labelCfg"":{""offset"":8,""style"":{""textBaseline"":""middle"",""textAlign"":""center"",""fontSize"":12,""fill"":""#000000""},""position"":""bottom""},""x"":732,""y"":544,""style"":{""fill"":""#D9D9D9"",""stroke"":""#D9D9D9""},""type"":""circle""}"
15,"演员","刘潮","{""演员(primary)"":""刘潮""}","{""size"":20,""labelCfg"":{""offset"":8,""style"":{""textBaseline"":""middle"",""textAlign"":""center"",""fontSize"":12,""fill"":""#000000""},""position"":""bottom""},""x"":766,""y"":588,""style"":{""fill"":""#D9D9D9"",""stroke"":""#D9D9D9""},""type"":""circle""}"
18,"影片","送你一朵小红花","{""演员"":""\""赵成顺\"",\""高东平\"",\""张旸\"",\""白宇\"",\""王艳\"",\""李宗翰\"",\""刘菊麟\"",\""徐僧\"",\""陈坤\"""",""影片"":""送你一朵小红花""}","{""size"":20,""labelCfg"":{""offset"":8,""style"":{""textBaseline"":""middle"",""textAlign"":""center"",""fontSize"":12,""fill"":""#000000""},""position"":""bottom""},""x"":1009,""y"":279,""style"":{""fill"":""#D9D9D9"",""stroke"":""#D9D9D9""},""type"":""circle""}"
17,"演员","刘菊麟","{""演员(primary)"":""刘菊麟""}","{""size"":20,""labelCfg"":{""offset"":8,""style"":{""textBaseline"":""middle"",""textAlign"":""center"",""fontSize"":12,""fill"":""#000000""},""position"":""bottom""},""x"":961,""y"":303,""style"":{""fill"":""#D9D9D9"",""stroke"":""#D9D9D9""},""type"":""circle""}"
12,"演员","刘涛","{""演员(primary)"":""刘涛""}","{""size"":20,""labelCfg"":{""offset"":8,""style"":{""textBaseline"":""middle"",""textAlign"":""center"",""fontSize"":12,""fill"":""#000000""},""position"":""bottom""},""x"":700,""y"":307,""style"":{""fill"":""#D9D9D9"",""stroke"":""#D9D9D9""},""type"":""circle""}"
11,"演员","刘之冰","{""演员(primary)"":""刘之冰""}","{""size"":20,""labelCfg"":{""offset"":8,""style"":{""textBaseline"":""middle"",""textAlign"":""center"",""fontSize"":12,""fill"":""#000000""},""position"":""bottom""},""x"":1064,""y"":442,""style"":{""fill"":""#D9D9D9"",""stroke"":""#D9D9D9""},""type"":""circle""}"
14,"影片","八佰","{""演员"":""\""刘涛化\"",\""沈腾\"""",""影片"":""八佰""}","{""size"":20,""labelCfg"":{""offset"":8,""style"":{""textBaseline"":""middle"",""textAlign"":""center"",""fontSize"":12,""fill"":""#000000""},""position"":""bottom""},""x"":831,""y"":496,""style"":{""fill"":""#D9D9D9"",""stroke"":""#D9D9D9""},""type"":""circle""}"
13,"演员","刘涛化","{""演员(primary)"":""刘涛化""}","{""size"":20,""labelCfg"":{""offset"":8,""style"":{""textBaseline"":""middle"",""textAlign"":""center"",""fontSize"":12,""fill"":""#000000""},""position"":""bottom""},""x"":895,""y"":512,""style"":{""fill"":""#D9D9D9"",""stroke"":""#D9D9D9""},""type"":""circle""}"
96,"演员","黄志忠","{""演员(primary)"":""黄志忠""}","{""size"":20,""labelCfg"":{""offset"":8,""style"":{""textBaseline"":""middle"",""textAlign"":""center"",""fontSize"":12,""fill"":""#000000""},""position"":""bottom""},""x"":790,""y"":539,""style"":{""fill"":""#D9D9D9"",""stroke"":""#D9D9D9""},""type"":""circle""}"
95,"演员","高东平","{""演员(primary)"":""高东平""}","{""size"":20,""labelCfg"":{""offset"":8,""style"":{""textBaseline"":""middle"",""textAlign"":""center"",""fontSize"":12,""fill"":""#000000""},""position"":""bottom""},""x"":1038,""y"":341,""style"":{""fill"":""#D9D9D9"",""stroke"":""#D9D9D9""},""type"":""circle""}"
10,"影片","晴雅集","{""演员"":""\""陈木易\"",\""马伊琍\"",\""雷佳音\"",\""徐峥\"",\""倪虹洁\"",\""王景春\"""",""影片"":""晴雅集""}","{""size"":20,""labelCfg"":{""offset"":8,""style"":{""textBaseline"":""middle"",""textAlign"":""center"",""fontSize"":12,""fill"":""#000000""},""position"":""bottom""},""x"":590,""y"":448,""style"":{""fill"":""#D9D9D9"",""stroke"":""#D9D9D9""},""type"":""circle""}"
97,"演员","黄海冰","{""演员(primary)"":""黄海冰""}","{""size"":20,""labelCfg"":{""offset"":8,""style"":{""textBaseline"":""middle"",""textAlign"":""center"",""fontSize"":12,""fill"":""#000000""},""position"":""bottom""},""x"":712,""y"":422,""style"":{""fill"":""#D9D9D9"",""stroke"":""#D9D9D9""},""type"":""circle""}"
